Nr.;GTIN;brandName;productName;Energy  [kJ];Energy [kcal];Fat;Fat_isEqual;OfWhichSaturated;OfWhichSaturated_isEqual;Carbohydrate;Carbohydrate_isEqual;OfWhichSugar;OfWhichSugar_isEqual;Protein;Protein_isEqual;Salt;Salt_isEqual;oneHundred_referenceUnit;barcode;detailedProductName;netContent;netContentUnit;packagingMarkedLabelAccreditation;organicClaim;percentageOfAlcoholByVolume;percentageOfAlcoholByVolume_isEqual;packagingRecyclingProcessType;brick_code;brick decription
1;4018715002840;Sinalco;Cola;178;42;0;TRUE;0;TRUE;10;TRUE;10;TRUE;0;TRUE;0.05;TRUE;ml;4018715002840;Koffeinhaltige Limonade Mit natürlichem Mineralwasser;1.25;l;N/A;N/A;N/A;TRUE;[50];10000201;Erfrischungsgetränke, aromatisiert – trinkfertig
2;4002631015251;Karlsberg;Karlsberg Export;185;44;0;TRUE;0;TRUE;0;TRUE;0;TRUE;0;TRUE;0;TRUE;ml;4002631015251;Export;0.5;l;N/A;N/A;5.5;TRUE;[232];10000159;Bier
3;4002631016715;Karlsberg;Karlsberg ICED BLUE;N/A;N/A;N/A;TRUE;N/A;TRUE;N/A;TRUE;N/A;TRUE;N/A;TRUE;N/A;TRUE;N/A;4002631016715;Biermischgetränk;0.33;l;N/A;N/A;5;TRUE;[232];10000159;Bier
4;5000112548167;Coke;Coca-Cola light taste;0.8;0.2;N/A;TRUE;N/A;TRUE;0;TRUE;0;TRUE;N/A;TRUE;0.02;TRUE;ml;5000112548167;kalorienfreies, koffeinhaltiges Erfrischungsgetränk mit Pflanzenextraken, mit Süßungsmitteln;0.5;l;N/A;N/A;N/A;TRUE;[50];10000201;Erfrischungsgetränke, aromatisiert – trinkfertig
5;5000112645798;Coke;Coca-Cola;180;42;0;TRUE;0;TRUE;10.6;TRUE;10.6;TRUE;0;TRUE;0;TRUE;ml;5000112645798;Koffeinhaltiges Erfrischungsgetränk mit Pflanzenextraken;0.33;l;N/A;N/A;N/A;TRUE;[50];10000201;Erfrischungsgetränke, aromatisiert – trinkfertig
6;4311596438839;Gut & Günstig;Junge Brechbohnen;110;26;0.4;TRUE;0.1;TRUE;2.9;TRUE;0.5;TRUE;1.5;TRUE;0.5;TRUE;g;4311596438839;Junge Brechbohnen fein;800;g;N/A;N/A;N/A;TRUE;N/A;10000006;Gemüse – nicht bearbeitet / verarbeitet (ohne Kühlung haltbar)
7;4311501472613;Edeka;Tortenpfirsiche;221;52;0.12;TRUE;0;TRUE;11.1;TRUE;10.3;TRUE;0.7;TRUE;8;TRUE;g;4311501472613;Pfirsich, in Schnitten, mit Pfrisichsaft;410;g;[258];N/A;N/A;TRUE;N/A;10000003;Obst – nicht bearbeitet / verarbeitet (ohne Kühlung haltbar)
8;4011800202026;Bad Schwartau;Gourmet-Frühstück;839;198;0.1;TRUE;0;TRUE;46.6;TRUE;46.1;TRUE;0.6;TRUE;0.03;TRUE;g;4011800202026;Fruchtaufstrich Aprikose;250;g;N/A;N/A;N/A;TRUE;N/A;10000217;Marmeladen / Gelees / Konfitüren (ohne Kühlung haltbar)
9;4311596062546;Gut & Günstig;Champignons;76;18;0.4;TRUE;0.1;TRUE;0.2;TRUE;0.1;TRUE;2.1;TRUE;0.45;TRUE;g;4311596062546;Champignon III. Wahl geschnitten;290;g ;N/A;N/A;N/A;TRUE;N/A;10000272;Gemüse – bearbeitet / verarbeitet (ohne Kühlung haltbar)
10;4104420021242;Alnatura;Ednusscreme crunchy;2636;636;53;TRUE;15;TRUE;12;TRUE;6.4;TRUE;25;TRUE;0.98;TRUE;g;4104420021242;Bio Erdnusscreme gesalzen mit gerösteten Erdnussstückchen;250;g;[240, 221];[14, 53];N/A;TRUE;N/A;10000280;Dipsaucen / Würzsaucen / Feinkostsaucen / Aufstriche / Marinaden (ohne Kühlung haltbar)
11;4045317050290;Bärenmarke;Die Ergiebige, 10% Fett;637;153;10;TRUE;6.7;TRUE;9.8;TRUE;9.8;TRUE;5.9;TRUE;0.23;TRUE;g;4045317050290;Kondensmilch, wärmebehandelt, 10% Fett;340;g;N/A;N/A;N/A;TRUE;N/A;10000190;Sahne (ohne Kühlung haltbar)
12;4040600082934;Südmilch;Kännchen Sahne 12% Fett wärmebehandelt;561;136;12;TRUE;8;TRUE;3.9;TRUE;3.9;TRUE;3;TRUE;0.1;TRUE;g;4040600082934;Kaffeesahne wärmebehandelt, 12% Fett;200;g;N/A;N/A;N/A;TRUE;N/A;10000189;Sahne (leicht verderblich)
13;3017800251607;d’aucy;Erbsen Dampfgegart;322;77;0.8;TRUE;0.2;TRUE;8.7;TRUE;2.2;TRUE;5.5;TRUE;0.04;TRUE;g;3017800251607;Erbsen, vakuumverpackt;110;g;[230];N/A;N/A;TRUE;N/A;10000272;Gemüse – bearbeitet / verarbeitet (ohne Kühlung haltbar)
14;3083680000369;Bonduelle;Möhrchen;98;23;0.3;TRUE;0.1;TRUE;3.4;TRUE;2.2;TRUE;0.6;TRUE;0.55;TRUE;g;3083680000369;Möhrchen;200;g;N/A;N/A;N/A;TRUE;N/A;10000272;Gemüse – bearbeitet / verarbeitet (ohne Kühlung haltbar)
15;4311596434749;Gut & Günstig;Kaffeeweißer;2295;550;35;TRUE;31.9;TRUE;57.1;TRUE;10.3;TRUE;1.7;TRUE;0.13;TRUE;g;4311596434749;N/A;250;g;N/A;N/A;N/A;TRUE;N/A;10006971;Milchersatz (ohne Kühlung haltbar)
16;4006544307007;Südzucker AG;Puderzucker;1700;400;0;TRUE;0;TRUE;100;TRUE;100;TRUE;0;TRUE;0;TRUE;g;4006544307007;Puderzucker;250;g;[225];N/A;N/A;TRUE;N/A;10000043;Zucker / Zuckerersatzstoffe (ohne Kühlung haltbar)
17;4311501669921;Gut & Günstig;Kondensmilch;553;132;7.5;TRUE;5;TRUE;10.1;TRUE;10.1;TRUE;6.1;TRUE;0.25;TRUE;g;4311501669921;Kondensmilch, wärmebehandelt, 7,5% Fett;340;g;[39, 225, 135];N/A;N/A;TRUE;N/A;10000607;Milch / Butter / Sahne / Käse / Eier / Ersatzprodukte – Mischpackungen
18;4104420072084;Alnatura;Orangensaft;187;44;0.5;FALSE;0.5;FALSE;10;TRUE;10;TRUE;1;TRUE;0.01;FALSE;ml;4104420072084;Bio Orangensaft pasteurisiert;0.33;l;[221, 225, 240, 209];[14, 53];N/A;TRUE;N/A;10000223;Fruchtsaftgetränke – trinkfertig (ohne Kühlung haltbar)
19;4008452027589;Molkerei Weihenstephan GmbH & co. KG;Haltbare Milch;198;47;1.5;TRUE;1;TRUE;4.9;TRUE;4.9;TRUE;3.5;TRUE;0.13;TRUE;ml;4008452027589;Fettarme H-Milch, 1,5% Fett, ultrahocherhitzt, homogenisiert;1;l;[225, 209];N/A;N/A;TRUE;N/A;10000026;Milch (ohne Kühlung haltbar)
20;29006014;Milsani;Haltbare Vollmilch 3,5% Fett;273;65;3.6;TRUE;2.5;TRUE;4.8;TRUE;4.8;TRUE;3.4;TRUE;0.11;TRUE;ml;29006014;Haltbare Vollmilch 3,5% Fett;1;l;[135, 225];N/A;N/A;TRUE;N/A;10000026;Milch (ohne Kühlung haltbar)
21;4003490037033;Hochwald;Haltbare Vollmilch 3,5% Fett;267;64;3.5;TRUE;2.3;TRUE;4.8;TRUE;4.8;TRUE;3.3;TRUE;0.13;TRUE;ml;4003490037033;Haltbare Vollmilch 3,5% Fett;0.5;l;[135, 225];N/A;N/A;TRUE;N/A;10000026;Milch (ohne Kühlung haltbar)
22;43115976;Gut & Günstig;Haltbare Schlagsahne, ultrahocherhitzt, 30% Fett;1205;292;30;TRUE;20.7;TRUE;3.2;TRUE;3.2;TRUE;2.4;TRUE;0.08;TRUE;g;43115976;Schlagsahne, ultraocherhitzt, mindestens 30% Fett;200;g;[135];N/A;N/A;TRUE;N/A;10000607;Milch / Butter / Sahne / Käse / Eier / Ersatzprodukte – Mischpackungen
23;4002809022401;RUF;Backfeste Puddingcreme;1607;379;0.1;TRUE;0;TRUE;92.7;TRUE;66.1;TRUE;0;TRUE;0.75;TRUE;g;4002809022401;Cremepulver für eine backstabile Puddingcreme;42;g;N/A;N/A;N/A;TRUE;N/A;10000158;Back– / Kochzutaten (ohne Kühlung haltbar)
24;4000417012005;Alfred Ritter GmbH;Rittersport Rum Trauben Nuss;2179;522;28;TRUE;15;TRUE;56;TRUE;54;TRUE;6.3;TRUE;0.15;TRUE;g;4000417012005;Vollmilchschokolade mit Sultaninen (13%) eingelegt in Rum (2%) und Haselnuss-Stückchen (5,5%);100;g;N/A;N/A;N/A;TRUE;N/A;10000045;Schokolade und Mischungen aus Schokolade und Zuckerwaren – Süßwaren
25;76121043;Ovomaltine;Ovomaltine crunchy;2153;514;25.6;TRUE;14.8;TRUE;62.2;TRUE;59.8;TRUE;7.6;TRUE;0.23;TRUE;g;76121043;N/A;100;g;[220];N/A;N/A;TRUE;N/A;10000045;Schokolade und Mischungen aus Schokolade und Zuckerwaren – Süßwaren
26;4025700001023;Milka;Haselnuss;2267;543;32;TRUE;17;TRUE;54;TRUE;53;TRUE;7.1;TRUE;0.34;TRUE;g;4025700001023;Alpenmilch Schokolde mit Haselnussstückchen;100;g;[232, 239];N/A;N/A;TRUE;N/A;10000045;Schokolade und Mischungen aus Schokolade und Zuckerwaren – Süßwaren
27;3017800251577;d’aucy;Kidneybohnen Dampfgegart;437;104;0.8;TRUE;0.1;TRUE;13;TRUE;0.7;TRUE;7.8;TRUE;0.03;TRUE;g;3017800251577;Rote Kidneybohnen vakuumverpackt;110;g;[230];N/A;N/A;TRUE;N/A;10000272;Gemüse – bearbeitet / verarbeitet (ohne Kühlung haltbar)
28;4002809024351;RUF;Raspel Schokolade;2293;550;33.8;TRUE;20.9;TRUE;53.4;TRUE;51.3;TRUE;7;TRUE;0.2;TRUE;g;4002809024351;Raspelschokolade Vollmilch;100;g;N/A;N/A;N/A;TRUE;N/A;10000045;Schokolade und Mischungen aus Schokolade und Zuckerwaren – Süßwaren
29;4008137002887;Bad Heilbrunner Naturheilmittel GmbH & CO. KG;Basischer Kräutertee;3;1;0;TRUE;0;TRUE;0.2;TRUE;0.1;FALSE;0;TRUE;0;TRUE;ml;4008137002887;Kräutertee mit Brennessel und grünem Hafer;14.4;g;[225];N/A;N/A;TRUE;N/A;10000116;Tee – lose / abgepackt / Aufgussbeutel
30;3083680977531;Bonduelle;Bio Goldmais;334;80;1.9;TRUE;0.5;TRUE;11;TRUE;5.2;TRUE;2.9;TRUE;0.4;TRUE;g;3083680977531;Gemüsemais, schonend dampfgegart;150;g;[230];[14, 53];N/A;TRUE;N/A;10000272;Gemüse – bearbeitet / verarbeitet (ohne Kühlung haltbar)
31;4000539709807;Lindt;Weihnachts-Chocolade Mandel;2469;593;39;TRUE;17;TRUE;49;TRUE;47;TRUE;7.7;TRUE;0.18;TRUE;g;4000539709807;Gefüllte Vollmilchschokolade mit ganzen Mandeln, Nusscreme(33%) und einem Hauch von Zimt und Koriander;100;g;N/A;N/A;N/A;TRUE;N/A;10000045;Schokolade und Mischungen aus Schokolade und Zuckerwaren – Süßwaren
32;4000521166007;Dr. Oetker;Tortenguss Erdbeer klein;1338;315;0.2;TRUE;0;TRUE;72;TRUE;2;TRUE;0.2;TRUE;1;TRUE;g;4000521166007;Tortengusspulver rot mit Erdbeergeschmack;12;g;N/A;N/A;N/A;TRUE;N/A;10000156;Back– / Kochmischungen (ohne Kühlung haltbar)
33;4000521003357;Dr. Oetker;Tortenguss Erdbeer groß;264;62;0;TRUE;0;TRUE;15;TRUE;11;TRUE;0;TRUE;0.03;TRUE;g;4000521003357;Tortengusspulver fix rot gezuckert mit Erdbeergeschmack;50;g;N/A;N/A;N/A;TRUE;N/A;10000156;Back– / Kochmischungen (ohne Kühlung haltbar)
34;4313920015884;Schwarzwaldmilch GmbH Freiburg;Frische Weidemilch 3,5% Fett;275;66;3.6;TRUE;2.3;TRUE;4.8;TRUE;4.8;TRUE;3.4;TRUE;0.12;TRUE;ml;4313920015884;Frische Vollmilch;1;l;[225, 135, 178, 193];N/A;N/A;TRUE;N/A;10000025;Milch (leicht verderblich)
35;4311501650103;Edeka Zentrale;Bio Sesam ungeschält;2414;584;50;TRUE;7.6;TRUE;10;TRUE;0.2;TRUE;18;TRUE;0.11;TRUE;g;4311501650103;Sesamsamen;250;g;N/A;[14, 53];N/A;TRUE;N/A;10000008;Nüsse / Samen – nicht bearbeitet / verarbeitet (ohne Kühlung haltbar)
36;4101530002031;Milchwerke Berchtesgardener Land;Joghurt Drink Fettarm;298;71;1.5;TRUE;1;TRUE;10.9;TRUE;10.5;TRUE;2.6;TRUE;0.15;TRUE;g;4101530002031;Milchmischerzeugnis mit Himbeere-Zitone 1,8% Fett im Milchanteil;400;g;[30, 225, 209];N/A;N/A;TRUE;N/A;10000278;Joghurt (leicht verderblich)
37;4000521607500;Dr. Oetker;Dessert Soße Vanielle Geschmack;400;95;1.6;TRUE;1;TRUE;17;TRUE;13;TRUE;2.9;TRUE;0.16;TRUE;g;4000521607500;Soßenpulver Vanille Geschmack für 250 ml Milch oder für 200 ml Milch und 100 g Schlagsahne;39;g;N/A;N/A;N/A;TRUE;N/A;10000156;Back– / Kochmischungen (ohne Kühlung haltbar)
38;7613035154315;Maggi;Chamgignon Cremesuppe;177;42;1.5;TRUE;0.4;TRUE;6.1;TRUE;1.5;TRUE;0.9;TRUE;0.82;TRUE;ml;7613035154315;N/A;N/A;N/A;[58];N/A;N/A;TRUE;N/A;10000262;Fertigsuppen (ohne Kühlung haltbar)
39;7613036041423;Maggi;Frühlingssuppe;84;20;0.1;TRUE;0.1;TRUE;3.9;TRUE;0.6;TRUE;0.7;TRUE;0.82;TRUE;ml;7613036041423;Frühlingssuppe mit Nudeln und Gemüseeinlage;N/A;N/A;[58, 230];N/A;N/A;TRUE;N/A;10000262;Fertigsuppen (ohne Kühlung haltbar)
40;40056050;Nestle;Thomy Mittelscharfer Delikatess Senf;495;119;7.3;TRUE;1.5;TRUE;3.8;TRUE;1.9;TRUE;6.7;TRUE;3.9;TRUE;ml;40056050;Delikatess Senf;200;ml;N/A;N/A;N/A;TRUE;N/A;10006322;Senf (ohne Kühlung haltbar)
41;4018077779930;Lorenz;Saltletts Pausen Cracker;1928;461;21;TRUE;2.4;TRUE;49;TRUE;6.9;TRUE;14;TRUE;2.7;TRUE;g;4018077779930;Laugengebäck mit Sesamsamen, Chiasamen und Leinsamen;100;g;[230];N/A;N/A;TRUE;N/A;10000177;Chips / Knabberartikel / Knabbermischungen – natürlich / extrudiert (ohne Kühlung haltbar)
42;4001686301265;Haribo;Haribo Goldbären;1459;343;0.5;FALSE;0.1;TRUE;77;TRUE;46;TRUE;6.9;TRUE;0.07;TRUE;g;4001686301265;Fruchtgummi;200;g;N/A;N/A;N/A;TRUE;N/A;10000047;Bonbons / Zuckerwaren auf Basis Zuckerersatz
43;4005500081227;Nestle;Milchmädchen Gezuckerte Kondensmilch;1356;321;8;TRUE;4.6;TRUE;54.9;TRUE;54.9;TRUE;7.5;TRUE;0.2;TRUE;g;4005500081227;Gezuckerte Kondensmilch wärmebehandelt;170;g;N/A;N/A;N/A;TRUE;N/A;10000026;Milch (ohne Kühlung haltbar)
44;4104420024748;Alnatura;Alnatura Rosinen;1385;327;1.3;TRUE;0.4;TRUE;73;TRUE;68;TRUE;2.7;TRUE;0.01;FALSE;g;4104420024748;Bio Rosinen, geölt;200;g;[240, 221];[14, 53];N/A;TRUE;N/A;10000003;Obst – nicht bearbeitet / verarbeitet (ohne Kühlung haltbar)
45;8715700017006;H.J. Heinz GmbH;Heinz Tomato Ketchup;435;102;0.1;TRUE;0.1;FALSE;23.2;TRUE;22.2;TRUE;1.2;TRUE;1.8;TRUE;g;8715700017006;Tomato Ketchup;570;g;N/A;N/A;N/A;TRUE;N/A;10000280;Dipsaucen / Würzsaucen / Feinkostsaucen / Aufstriche / Marinaden (ohne Kühlung haltbar)
46;4017100100819;Bahlsen;Leibniz Minis Choco;2009;479;19;TRUE;11;TRUE;68;TRUE;31;TRUE;7.7;TRUE;0.65;TRUE;g;4017100100819;Knuspriger Keks mit Vollmilchschokolade (31%);150;g;[220];N/A;N/A;TRUE;N/A;10000161;Kekse / Gebäck (ohne Kühlung haltbar)
47;4000417934000;Alfred Ritter GmbH;Ritter Sport Haferkeks + Joghurt;2290;549;34;TRUE;19;TRUE;52;TRUE;45;TRUE;7.9;TRUE;0.3;TRUE;g;4000417934000;Vollmilchschokolade gefüllt mit 31% Weizenkeim-Magermilchjoghurtfüllung und einem Haferkeks(14%);100;g;N/A;N/A;N/A;TRUE;N/A;10000045;Schokolade und Mischungen aus Schokolade und Zuckerwaren – Süßwaren
48;4006824018135;Develey Senf & Feinkost GmbH;Honig-Senf Dressing;382;91;3.2;TRUE;0.3;TRUE;13.2;TRUE;12.5;TRUE;1;TRUE;2;TRUE;ml;4006824018135;Salatdressing Honig-Senf;75;ml;N/A;N/A;N/A;TRUE;N/A;10000200;Salatsaucen / Dips (ohne Kühlung haltbar)
49;4012200417300;Carl Kühne KG;Schlemmertöpfchen Scharfe Gürkchen;240;57;0.2;TRUE;0.1;FALSE;11;TRUE;10;TRUE;1.4;TRUE;1.7;TRUE;g;4012200417300;Cornichons aus Vertragsanbau;530;g;N/A;N/A;N/A;TRUE;N/A;10006449;Gewürzgurken
50;4311501621721;Gut & Günstig;Klare Fleischbrühe;16;4;0.2;TRUE;0.1;TRUE;0.5;TRUE;0.2;TRUE;0.1;FALSE;1.2;TRUE;ml;4311501621721;Klare Fleischbrühe;120;g;[39];N/A;N/A;TRUE;N/A;10000578;Fond / Knochen – (ohne Kühlung haltbar)
51;4011932236012;"Dallmanns Pharma Candy GmbH""";"Dallmanns Ingwer-Salbei Bonbons""";996;239;0;TRUE;0;TRUE;97;TRUE;0.5;FALSE;0.5;FALSE;0.01;FALSE;g;4011932236012;Zuckerfries Hals- und Hustenbonbon mit Ingwer- und Salbeiextrakt und Süßungsmittel;37;g;[225];N/A;N/A;TRUE;N/A;10000047;Bonbons / Zuckerwaren auf Basis Zuckerersatz
52;4017100370007;Bahlsen;Das Original;1833;435;12;TRUE;7.8;TRUE;72;TRUE;21;TRUE;8.4;TRUE;1.5;TRUE;g;4017100370007;Butter Keks;200;g;N/A;N/A;N/A;TRUE;N/A;10000161;Kekse / Gebäck (ohne Kühlung haltbar)
53;4061458000888;Westcliff;Kräutertee Fenchel-Anis-Kümmel;3;1;0;TRUE;0;TRUE;0.2;TRUE;0.1;FALSE;0;TRUE;0;TRUE;ml;4061458000888;Kräutertee;50;g;[220, 225];N/A;N/A;TRUE;N/A;10000116;Tee – lose / abgepackt / Aufgussbeutel
54;4061458061506;Knusperone;Kernige Haferflocken;1580;378;7;TRUE;1.3;TRUE;59;TRUE;0.7;TRUE;14;TRUE;0.02;TRUE;g;4061458061506;Kernige Haferflocken;500;g;[39];N/A;N/A;TRUE;N/A;10000285;Cerealien – nicht verzehrbereit (ohne Kühlung haltbar)
55;4061458006897;King’s Crown;Hojiblanca;552;134;14;TRUE;2.2;TRUE;0;TRUE;0;TRUE;0.5;TRUE;2.5;TRUE;g;4061458006897;Geschwärzte Oliven, entsteint;160;g;N/A;N/A;N/A;TRUE;N/A;10000040;Speiseöle – pflanzlich (ohne Kühlung haltbar)
56;4008400935225;Ferrero;Kinder Bueno;2384;572;37.3;TRUE;17.3;TRUE;49.5;TRUE;41.2;TRUE;8.6;TRUE;373;TRUE;g;4008400935225;Waffel mit feiner Milchhaselnusscreme-füllung;43;g;N/A;N/A;N/A;TRUE;N/A;10000045;Schokolade und Mischungen aus Schokolade und Zuckerwaren – Süßwaren
57;4061458079525;Almare Seafood;Thunfisch;357;84;1.6;TRUE;0.2;TRUE;5.4;TRUE;4.2;TRUE;12;TRUE;0.85;TRUE;g;4061458079525;Thunfisch Stücke in pikanter Dressing-Sauce mit Gemüsebeilage;185;g;[198, 228];N/A;N/A;TRUE;N/A;10000016;Fisch – bearbeitet / verarbeitet (leicht verderblich)
58;4061458032452;Milsani;Haltbare Schlagsahne, ultrahocherhitzt, 30% Fett;1205;292;30;TRUE;21;TRUE;3.2;TRUE;3.2;TRUE;2.4;TRUE;0.08;TRUE;g;4061458032452;Schlagsahne, ultrahocherhitzt, mindestens 30% Fett;200;g;[135, 225, 39];N/A;N/A;TRUE;N/A;10000189;Sahne (leicht verderblich)
59;4061458069960;Gut bio;Knusperriegel;2225;535;36;TRUE;5.6;TRUE;26;TRUE;25;TRUE;22;TRUE;0.01;FALSE;g;4061458069960;Kirsch-Mandel-Riegel mit Erdnüssen, Kürbiskernen, Mandeln und Sauerkirschen;75;g;[225];[14, 226];N/A;TRUE;N/A;10000287;Müslis / Müsliriegel
60;4061458044622;Hofburger;Allgäuer Art Schmelzscheiben;961;231;16;TRUE;11;TRUE;6;TRUE;6;TRUE;16;TRUE;3.1;TRUE;g;4061458044622;Schmelzkäse, 35% Fett i. Tr.;250;g;[135];N/A;N/A;TRUE;N/A;10000028;Käse (leicht verderblich)
61;4061458003889;Bon-Ri;Kochbeutel Reis;1495;352;0.9;TRUE;0.5;TRUE;75;TRUE;0;TRUE;7.5;TRUE;0.01;TRUE;g;4061458003889;Langkorn Reis;500;g;N/A;N/A;N/A;TRUE;N/A;10000211;Körner / Getreide – nicht verzehrbereit (ohne Kühlung haltbar)
62;4061458009904;la finesse;Kartoffel-Cremesuppe;398;96;6.9;TRUE;2.4;TRUE;6;TRUE;1.1;TRUE;1.9;TRUE;0.75;TRUE;ml;4061458009904;Kartoffelcremsuppe mit Schweinefleisch;400;ml;[228];N/A;N/A;TRUE;N/A;10000262;Fertigsuppen (ohne Kühlung haltbar)
63;4047247000239;Diadem;Puder Zucker;1700;400;0;TRUE;0;TRUE;100;TRUE;100;TRUE;0;TRUE;0;TRUE;g;4047247000239;Puder Zucker;250;g;[225];N/A;N/A;TRUE;N/A;10000043;Zucker / Zuckerersatzstoffe (ohne Kühlung haltbar)
64;4061458002691;Gut bio;Apfelchips;1511;358;0.7;TRUE;0.3;TRUE;77;TRUE;72;TRUE;1.4;TRUE;0.01;FALSE;g;4061458002691;Bio-Apfelchips;80;g;N/A;[91, 226];N/A;TRUE;N/A;10000206;Obst – bearbeitet / verarbeitet (ohne Kühlung haltbar)
65;4061458049153;Farmer;Kalifornische Pistazien;2546;615;51;TRUE;7;TRUE;11;TRUE;7;TRUE;24;TRUE;1.8;TRUE;g;4061458049153;Pistazien, geröstet und gesalzen;250;g;N/A;N/A;N/A;TRUE;N/A;10000008;Nüsse / Samen – nicht bearbeitet / verarbeitet (ohne Kühlung haltbar)
66;8718114818528;Knorr;Nudel-Schinken Gratin;511;122;4.3;TRUE;1.6;TRUE;14;TRUE;0.8;TRUE;6.4;TRUE;0.66;TRUE;g;8718114818528;Nudel-Schinken Gratin;28;g;[58];N/A;N/A;TRUE;N/A;10006214;Extrakte / Gewürze / Geschmacksverstärker (ohne Kühlung haltbar)
67;8717163935170;Knorr;Geschnetzeltes Züricher Art;319;76;3.8;TRUE;0.6;TRUE;2.4;TRUE;0.7;TRUE;8.1;TRUE;0.5;TRUE;g;8717163935170;Geschnetzeltes Züricher Art;36;g;[58];N/A;N/A;TRUE;N/A;10006214;Extrakte / Gewürze / Geschmacksverstärker (ohne Kühlung haltbar)
68;4061458051569;Le Gusto;Tomaten Suppe;129;30;0.5;FALSE;0.1;FALSE;6.5;TRUE;2.7;TRUE;0.8;TRUE;1.1;TRUE;ml;4061458051569;Suppe Tomaten;70;g;N/A;N/A;N/A;TRUE;N/A;10000262;Fertigsuppen (ohne Kühlung haltbar)
69;4061458051613;Le Gusto;Zwiebelsuppe;81;19;0.5;FALSE;0.1;FALSE;3.4;TRUE;1.5;TRUE;0.6;TRUE;1.1;TRUE;ml;4061458051613;Zwiebelsuppe;50;g;N/A;N/A;N/A;TRUE;N/A;10000262;Fertigsuppen (ohne Kühlung haltbar)
70;4061458051637;Le Gusto;Rindfleischsuppe;97;23;0.5;FALSE;0.1;FALSE;4.2;TRUE;0.5;FALSE;0.9;TRUE;0.9;TRUE;ml;4061458051637;Rindfleschsuppe mit Nudeln;55;g;N/A;N/A;N/A;TRUE;N/A;10000262;Fertigsuppen (ohne Kühlung haltbar)
71;4061458009256;Knusperone;Obst Riegel;1352;320;1.8;TRUE;0.2;TRUE;68;TRUE;51;TRUE;3;TRUE;0.05;TRUE;g;4061458009256;Obst-Riegel auf Apfel-Trauben-Basis-Sorte Erdbeer-Banane;150;g;[225];N/A;N/A;TRUE;N/A;10000287;Müslis / Müsliriegel
72;4014400929379;August Storck KG;Knoppers Kokosriegel;2170;520;30.3;TRUE;19.4;TRUE;54.4;TRUE;41.7;TRUE;6.7;TRUE;0.44;TRUE;g;4014400929379;Waffelriegel mit Milchreme (14,4%), Kokoscreme verfeinert mit Haselnüssen (17%), Kokosraspeln (6,5%) und zartem Karamell (26,1%), umhüllt von Vollmilchschokolade (29,5%);200;g;N/A;N/A;N/A;TRUE;N/A;10000161;Kekse / Gebäck (ohne Kühlung haltbar)
73;4005500310105;Maggi;Maggi Würze;445;105;0;TRUE;0;TRUE;8.2;TRUE;6.3;TRUE;16.8;TRUE;25.5;TRUE;ml;4005500310105;Würze;250;g;N/A;N/A;N/A;TRUE;N/A;10000049;Kräuter / Gewürze (ohne Kühlung haltbar)
74;90433627;Red Bull;The White Edition;191;45;0;TRUE;0;TRUE;11;TRUE;11;TRUE;0;TRUE;0.1;TRUE;ml;90433627;Energy Drink mit dem Geschmacl von Kokos-Blaubeere;250;ml;N/A;N/A;N/A;TRUE;[50];10000266;Energydrinks – trinkfertig
75;4061458016971;Cucina;Tomatenmark;496;117;0.3;TRUE;0.1;FALSE;18.5;TRUE;15.4;TRUE;5.7;TRUE;1;TRUE;g;4061458016971;Tomatenmark;200;g;N/A;N/A;N/A;TRUE;N/A;10000054;Dipsaucen / Würzsaucen / Feinkostsaucen / Aufstriche / Marinaden (leicht verderblich)
76;4061458028370;Delikato;Senf;758;183;14;TRUE;0.9;TRUE;1.7;TRUE;1.7;TRUE;9;TRUE;5.7;TRUE;ml;4061458028370;Senf scharf;200;ml;[39, 57];;N/A;TRUE;N/A;10006322;Senf (ohne Kühlung haltbar)
77;5413548283128;Kinder;Schokobons;2401;576;36.6;TRUE;21.2;TRUE;52.5;TRUE;52.2;TRUE;8.3;TRUE;0.28;TRUE;g;5413548283128;Gefüllte Vollmilchschokoladeneier mit Milchfüllung (42.5%) und fein gehackten Haselnüssen;200;g;[200, 241];N/A;N/A;TRUE;N/A;10000045;Schokolade und Mischungen aus Schokolade und Zuckerwaren – Süßwaren
78;4061458072465;Gut bio;Honig cremig;1283;302;0.1;FALSE;0.1;FALSE;75.1;TRUE;75.1;TRUE;0.4;TRUE;0.02;TRUE;g;4061458072465;Bio-Honig cremig;340;g;N/A;[229];N/A;TRUE;N/A;10000213;Honig (ohne Kühlung haltbar)
79;4061458041027;Grandessa;Schwarzkirsche;777;183;0.5;FALSE;0.1;TRUE;43;TRUE;43;TRUE;0.7;TRUE;0.1;FALSE;g;4061458041027;Schwarzkische Fruchtaufstrich;250;g;N/A;N/A;N/A;TRUE;N/A;10000217;Marmeladen / Gelees / Konfitüren (ohne Kühlung haltbar)
80;40737782;Kühne;Rotwein Essig;110;26;0;TRUE;0;TRUE;1.2;TRUE;0;TRUE;0;TRUE;0;TRUE;ml;40737782;Red wine vinegar;250;ml;N/A;N/A;N/A;TRUE;N/A;10000051;Essig
81;4061458013642;Grandessa;Erdbeere Konfitüre;939;221;0.5;FALSE;0.1;FALSE;53;TRUE;53;TRUE;0.5;FALSE;0.04;TRUE;g;4061458013642;N/A;450;g;N/A;N/A;N/A;TRUE;N/A;10000217;Marmeladen / Gelees / Konfitüren (ohne Kühlung haltbar)
82;4072700803829;Franziskaner Weissbier;Premium Weissbier Naturtrüb;180;43;N/A;TRUE;N/A;TRUE;N/A;TRUE;N/A;TRUE;N/A;TRUE;N/A;TRUE;ml;4072700803829;N/A;0.5;l;N/A;N/A;5;TRUE;[50];10000159;Bier
83;4061458218351;bio;Mamia Bio Erdbeere in Apfel-Banane;261;62;0.1;TRUE;0;TRUE;14;TRUE;12;TRUE;0.5;TRUE;0.05;TRUE;g;4061458218351;Früchtezubereitung (bio);190;g;N/A;[14, 231];N/A;TRUE;N/A;10000104;Baby– und Kleinkindernahrungsmittel (ohne Kühlung haltbar)
84;4061458218368;bio;Mamia Bio Birne pur;231;55;0.2;TRUE;0;TRUE;11.6;TRUE;9.4;TRUE;0.4;TRUE;0.05;TRUE;g;4061458218368;Birnenpüree (bio);190;g;N/A;[14, 231];N/A;TRUE;N/A;10000104;Baby– und Kleinkindernahrungsmittel (ohne Kühlung haltbar)
85;4061458005319;Gut bio;Himbeere;997;235;0.5;FALSE;0.1;FALSE;55;TRUE;55;TRUE;0.7;TRUE;0.01;FALSE;g;4061458005319;Bio-Himbeer Konfitüre extra;330;g;N/A;[226];N/A;TRUE;N/A;10000217;Marmeladen / Gelees / Konfitüren (ohne Kühlung haltbar)
86;4002221037960;meßmer;Marokkanische Minze-Honig;3;1;0;TRUE;0;TRUE;0.2;TRUE;0.1;FALSE;0;TRUE;0;TRUE;ml;4002221037960;Krauseminztee-Mischung aromatisiert Honig-Geschmack;40;g;[220];N/A;N/A;TRUE;N/A;10000116;Tee – lose / abgepackt / Aufgussbeutel
87;4061458040747;Diadem;Gelier Zucker;1686;397;0.2;TRUE;0.2;TRUE;97;TRUE;97;TRUE;0;TRUE;0.03;TRUE;g;4061458040747;Gelier Zucker;500;g;[225];N/A;N/A;TRUE;N/A;10000158;Back– / Kochzutaten (ohne Kühlung haltbar)
88;4061458040709;Goldland;Wald Honig;1197;282;0.1;FALSE;0.1;FALSE;70;TRUE;70;TRUE;0.4;TRUE;0.02;TRUE;g;4061458040709;N/A;500;g;[39];N/A;N/A;TRUE;N/A;10000213;Honig (ohne Kühlung haltbar)
89;4061458093545;Schneekoppe;Rote Bete Saft;158;37;0.5;FALSE;0.1;FALSE;8;TRUE;8;TRUE;1;TRUE;0.08;TRUE;ml;4061458093545;Bio Rote Bete Saft;500;ml;[57, 209, 225, 230];[14, 226];N/A;TRUE;N/A;10006252;Gemüsesaft – trinkfertig (ohne Kühlung haltbar)
90;4014400926040;August Storck KG;Merci;2282;548;34.4;TRUE;19.7;TRUE;49.8;TRUE;47.7;TRUE;7.5;TRUE;0.14;TRUE;g;4014400926040;Gefüllte und nicht gefüllte Schokoladen-Spezialitäten;200;g;N/A;N/A;N/A;TRUE;N/A;10000045;Schokolade und Mischungen aus Schokolade und Zuckerwaren – Süßwaren
91;5000159471510;Mars GmbH;m&m’s Peanut;2157;516;26;TRUE;11;TRUE;53;TRUE;53;TRUE;10;TRUE;0.1;TRUE;g;5000159471510;Erdnüsse (24%) in Milchschokolade (48%) mit Zuckerüberzug;220;g;N/A;N/A;N/A;TRUE;N/A;10000045;Schokolade und Mischungen aus Schokolade und Zuckerwaren – Süßwaren
92;7622210349675;Milka;Caramel;2018;482;24;TRUE;13;TRUE;62;TRUE;52;TRUE;4.2;TRUE;0.46;TRUE;g;7622210349675;Alpenmilchschokolade mit Karamellcrèmefüllung;100;g; [232, 239];N/A;N/A;TRUE;N/A;10000045;Schokolade und Mischungen aus Schokolade und Zuckerwaren – Süßwaren
93;4002359011504;Mirácoli;Klassiker Spaghetti;454;107;0.5;TRUE;0.1;TRUE;22;TRUE;2.4;TRUE;3.7;TRUE;0.6;TRUE;g;4002359011504;Spaghetti mit Tomatensauce und Würzmischung;616;g;N/A;N/A;N/A;TRUE;N/A;10006750;Fertiggerichte mit mehreren Bestandteilen – nicht verzehrfertig (ohne Kühlung haltbar)
94;40056265;Nestle;Thomy Les Sauces Hollandaise;893;216;21.6;TRUE;2.4;TRUE;4.3;TRUE;1.9;TRUE;0.9;TRUE;1.3;TRUE;ml;40056265;Sauce Hollondaise;250;ml;[225];N/A;N/A;TRUE;N/A;10000057;Saucen (ohne Kühlung haltbar)
95;4061458004022;Gut bio;Apfelmus;309;73;0.1;TRUE;0.1;FALSE;17;TRUE;16.7;TRUE;0.3;TRUE;0.01;FALSE;ml;4061458004022;Bio-Apfelmus;360;g;[39];[227, 17];N/A;TRUE;N/A;10000206;Obst – bearbeitet / verarbeitet (ohne Kühlung haltbar)
96;4002359006029;Mirácoli;Klassiker Pasta Sauce Tomate;171;40;0.5;FALSE;0.1;FALSE;7.3;TRUE;4.9;TRUE;1.7;TRUE;1.1;TRUE;g;4002359006029;Pasta Sauce Tomate;400.00/378.00;g/ml;N/A;N/A;N/A;TRUE;N/A;10000057;Saucen (ohne Kühlung haltbar)
97;4061458009829;la finesse;Tomaten-Rahmsuppe;223;53;3;TRUE;1.5;TRUE;5.4;TRUE;4.1;TRUE;0.8;TRUE;1;TRUE;ml;4061458009829;feine Tomaten-Rahmsuppe;400;ml;[58];N/A;N/A;TRUE;N/A;10000262;Fertigsuppen (ohne Kühlung haltbar)
98;4061458219808;Ravini;Hard Seltzer Typ Natural Lime;130;30;N/A;TRUE;N/A;TRUE;N/A;TRUE;N/A;TRUE;N/A;TRUE;N/A;TRUE;ml;4061458219808;Aromatisierter weinhaltiger Cocktail;250;ml;N/A;N/A;5;TRUE;N/A;10000144;Alkoholische Mixgetränke
99;90162565;Red Bull;Energy Drink;195;46;0;TRUE;0;TRUE;11;TRUE;11;TRUE;0;TRUE;0.1;TRUE;ml;90162565;Energy Drink;250;ml;N/A;N/A;N/A;TRUE;[50];10000266;Energydrinks – trinkfertig
100;4061458178952;Knusperone;Cornflakes;1642;387;1.2;TRUE;0.6;TRUE;84;TRUE;4.8;TRUE;8.3;TRUE;1.18;TRUE;g;4061458178952;Cornflakes;500;g;[208, 225];N/A;N/A;TRUE;N/A;10000284;Getreideprodukte – verzehrbereit (ohne Kühlung haltbar)
101;4311501603932;Gut & Günstig;süßer Apfel Früchtetee;12;3;0;TRUE;0;TRUE;0.6;TRUE;0.2;TRUE;0;TRUE;0;TRUE;ml;4311501603932;Früchtetee aromatisiert, mit Apfelgeschmack;60;g;[220];N/A;N/A;TRUE;N/A;10000116;Tee – lose / abgepackt / Aufgussbeutel
102;54493438;Coke;Coca-Cola Zero Sugar;0.9;0.2;N/A;TRUE;N/A;TRUE;0;TRUE;0;TRUE;N/A;TRUE;0.02;TRUE;ml;54493438;kalorienarmes , koffeinhaltiges Erfrischungsgetränk mit Pflanzenextrakt;0.33;l;N/A;N/A;N/A;TRUE;[50];10000201;Erfrischungsgetränke, aromatisiert – trinkfertig
103;4061458221337;River;Cola Zero;1;0;0;TRUE;0;TRUE;0;TRUE;0;TRUE;0;TRUE;0.02;TRUE;ml;4061458221337;Zuckerfreies, kalorinarmes, koffeinhalties Erfrischungsgetränk mit Süßungsmitteln;0.5;l;[57];N/A;N/A;TRUE;[50];10000201;Erfrischungsgetränke, aromatisiert – trinkfertig
104;4061458166591;Gut bio;Haselnusskerne;2793;678;66;TRUE;5.8;TRUE;2.7;TRUE;1.9;TRUE;15;TRUE;0.01;TRUE;g;4061458166591;Bio-Haselnüsse;200;g;[91, 220];[14, 233];N/A;TRUE;N/A;10000008;Nüsse / Samen – nicht bearbeitet / verarbeitet (ohne Kühlung haltbar)
105;4061458061490;Knusperone;Zarte Heferflocken;1580;378;7;TRUE;1.3;TRUE;59;TRUE;0.7;TRUE;14;TRUE;0.02;TRUE;g;4061458061490;Zarte Haferflocken;500;g;[39];N/A;N/A;TRUE;N/A;10000285;Cerealien – nicht verzehrbereit (ohne Kühlung haltbar)
106;4061458000970;Westcliff;Kräutertee Salbei;N/A;N/A;N/A;TRUE;N/A;TRUE;N/A;TRUE;N/A;TRUE;N/A;TRUE;N/A;TRUE;N/A;4061458000970;Kräutertee;43.75;g;[220];N/A;N/A;TRUE;N/A;10000116;Tee – lose / abgepackt / Aufgussbeutel
107;4061458144827;Westcliff;Kräutertee Kamille-Fenchel;N/A;N/A;N/A;TRUE;N/A;TRUE;N/A;TRUE;N/A;TRUE;N/A;TRUE;N/A;TRUE;N/A;4061458144827;Kräutertee;50;g;[220];N/A;N/A;TRUE;N/A;10000116;Tee – lose / abgepackt / Aufgussbeutel
108;4061458032483;Milsani;Kondensmilch;461;110;4;TRUE;2.8;TRUE;12;TRUE;12;TRUE;6.8;TRUE;0.28;TRUE;g;4061458032483;Teilentrahmte Kondensmilch 4% Fett, 20% fettfreie Milchtrockenmasse, wärembehandelt;340;g;[135, 225];N/A;N/A;TRUE;N/A;10000607;Milch / Butter / Sahne / Käse / Eier / Ersatzprodukte – Mischpackungen
109;4061458013635;Grandessa;Aprikose Konfitüre;997;235;0.5;FALSE;0.1;FALSE;56;TRUE;55;TRUE;0.5;FALSE;0.01;FALSE;g;4061458013635;Konfitüre extra Aprikose;450;g;N/A;N/A;N/A;TRUE;N/A;10000217;Marmeladen / Gelees / Konfitüren (ohne Kühlung haltbar)
110;4061458252645;Flying Power;Energy Drink;203;48;0;TRUE;0;TRUE;11;TRUE;11;TRUE;0;TRUE;0.2;TRUE;ml;4061458252645;Koffeinhaltiges Erfrischungsgetränk - erhöhter Koffeingehalt (32mg/100ml), pateurisiert;330;ml;N/A;N/A;N/A;TRUE;[50];10000266;Energydrinks – trinkfertig
111;9120037002066;Pure Bio;Energy Drink Cucumber Limette Minze7;148;35;0;TRUE;0;TRUE;8.3;TRUE;8.3;TRUE;0;TRUE;0;TRUE;ml;9120037002066;koffeinhaltiges BIO-Limettenerfrischungsgetränk mit Gurken-Minzgeschmack, erhöhter Koffeingehalt;250;ml;[236, 237];[235];N/A;TRUE;[50];10000266;Energydrinks – trinkfertig
112;5600821261717;The GUTsy Captain;Kombucha Grüntee-Getränk mit Ingwer Zitrone;74;18;0;TRUE;0;TRUE;4.4;TRUE;4.4;TRUE;0;TRUE;0;TRUE;ml;5600821261717;Fermentiertes Grüntee-Getränk mit Ingwer;250;ml;[57];[234];N/A;TRUE;[50];10000201;Erfrischungsgetränke, aromatisiert – trinkfertig
113;42367642;Gut bio;Bio Limonade mit Orangengeschmack;150;35;0;TRUE;0;TRUE;8.5;TRUE;8.5;TRUE;0;TRUE;0.01;FALSE;ml;42367642;Bio-Fruchtlimonade;0.5;l;[91];[231];N/A;TRUE;[50];10000201;Erfrischungsgetränke, aromatisiert – trinkfertig
114;4061458252669;TopSport;iso light grapefruit-citrus;80;19;0;TRUE;0;TRUE;4.4;TRUE;4.3;TRUE;0;TRUE;0.02;TRUE;ml;4061458252669;Isotonisches Erfrischungsgetränk Grapefruit-Zitrone mit Zucker und Süßungsmitteln;0.5;l;[57];N/A;N/A;TRUE;[50];10000201;Erfrischungsgetränke, aromatisiert – trinkfertig
115;4061458248310;Wiesgart;Activ kalorienarmes Erfrischungsgetränk mit Pfirsich-Melonengeschmack;80;19;0;TRUE;0;TRUE;4.5;TRUE;4.5;TRUE;0;TRUE;0.01;FALSE;ml;4061458248310;Kalorienarmes Erfrischungsgetränk mit Pfirsisch-Melonengeschmack;750;ml;[57];N/A;N/A;TRUE;[50];10000201;Erfrischungsgetränke, aromatisiert – trinkfertig
116;4025500186821;müller;Kalinka Kefir;193;46;1.5;TRUE;1;TRUE;4.1;TRUE;4.1;TRUE;3.4;TRUE;0.12;TRUE;g;4025500186821;Fettarmer Kefir mild. 1,5 % Fett;500;g;N/A;N/A;N/A;TRUE;N/A;10000191;Milchbasierte / Milchersatzbasierte Getränke – trinkfertig (leicht verderblich)
117;4025500266288;müller;Frucht Butter Milch Summer Vibes Tropical Kiss;259;61;0.5;TRUE;0.4;TRUE;10.6;TRUE;10.1;TRUE;2.7;TRUE;0.13;TRUE;g;4025500266288;Buttermilch mit 12% Ananas-Maracuja-Zubereitung mit Kokosgeschmack, 0,6 % Fett im Milchanteil;500;g;N/A;N/A;N/A;TRUE;N/A;10000191;Milchbasierte / Milchersatzbasierte Getränke – trinkfertig (leicht verderblich)
118;4025500266622;müller;Frucht Butter Milch Summer Vibes Mango Tango;253;60;0.5;TRUE;0.3;TRUE;10.6;TRUE;10;TRUE;2.6;TRUE;0.13;TRUE;g;4025500266622;Buttermilch mit 12% Fruchtzubereitung, 0,6% Fett im Milchanteil;500;g;N/A;N/A;N/A;TRUE;N/A;10000191;Milchbasierte / Milchersatzbasierte Getränke – trinkfertig (leicht verderblich)
119;4025500163082;müller;Reine Butter Milch;162;38;0.6;TRUE;0.4;TRUE;4.2;TRUE;4.2;TRUE;3.4;TRUE;0.12;TRUE;g;4025500163082;Reine Buttermilch;500;g;N/A;N/A;N/A;TRUE;N/A;10000191;Milchbasierte / Milchersatzbasierte Getränke – trinkfertig (leicht verderblich)
120;4025500163396;müller;Frucht Butter Milch Multivitamin;256;60;0.5;TRUE;0.3;TRUE;10.8;TRUE;10.3;TRUE;2.5;TRUE;0.13;TRUE;g;4025500163396;Buttermilch mit 24% Fruchtzubereitung (mit 9,1% Frucht im Endprodukt), 0,6% Fett im Milchanteil;500;g;N/A;N/A;N/A;TRUE;N/A;10000191;Milchbasierte / Milchersatzbasierte Getränke – trinkfertig (leicht verderblich)
121;4311501644683;Edeka Bio;Berglinsen;1429;338;1.6;TRUE;0.3;TRUE;50;TRUE;1.7;TRUE;24;TRUE;0.01;TRUE;g;4311501644683;N/A;500;g;N/A;[14, 226];N/A;TRUE;N/A;10000203;Mehle – Getreide / Hülsenfrüchte (ohne Kühlung haltbar)
122;4009233003686;Nestle;Steinofen Flammkuchen;1110;266;14.1;TRUE;6.9;TRUE;25.8;TRUE;3.9;TRUE;8;TRUE;1;TRUE;g;4009233003686;Flammkuchen, tiefgefroren;300;g;N/A;N/A;N/A;TRUE;N/A;10000248;Pasteten / Gebäck / Pizzas / Quiches – herzhaft (tiefgefroren)
123;8410337847032;Solaz;Tempranillo Bio;N/A;N/A;N/A;TRUE;N/A;TRUE;N/A;TRUE;N/A;TRUE;N/A;TRUE;N/A;TRUE;N/A;8410337847032;N/A;75;cl;N/A;[14];N/A;TRUE;N/A;10000276;Weine – ohne Kohlensäure
124;4040600299608;Landliebe;Vanille Milch;298;71;2;TRUE;1.4;TRUE;9.9;TRUE;9.9;TRUE;3.3;TRUE;0.12;TRUE;ml;4040600299608;Fettarme Milch und Vollmilch mit natürlichem Vanilnnearoma, ultrahocherhitzt, 2,0% Fett im Milchanteil;524;g;[225];N/A;N/A;TRUE;N/A;10000025;Milch (leicht verderblich)
125;4313920000071;Unsere Heimat;Deutsche Markenbutter;3056;743;82;TRUE;52;TRUE;0.6;TRUE;0.6;TRUE;0.7;TRUE;0.03;TRUE;g;4313920000071;Mildgesäuerte Butter;250;g;[135, 178, 243];N/A;N/A;TRUE;N/A;10000168;Butter (leicht verderblich)
126;4008452031067;Molkerei Weihenstephan GmbH & co. KG;Joghurt 1,5 % Fett;277;66;1.5;TRUE;1;TRUE;6.9;TRUE;6.9;TRUE;5.5;TRUE;0.19;TRUE;g;4008452031067;Joghurt mild, 1,5 % Fett;500;g;N/A;N/A;N/A;TRUE;N/A;10000278;Joghurt (leicht verderblich)
127;4040600990338;Landliebe;Joghurt 3,8 % Fett;258;62;3.8;TRUE;2.6;TRUE;3.4;TRUE;3.4;TRUE;3.5;TRUE;0.12;TRUE;g;4040600990338;Joghurt 3,8 % Fett;200;g;N/A;N/A;N/A;TRUE;N/A;10000278;Joghurt (leicht verderblich)
128;4040600990239;Landliebe;Joghurt auf Heidelbeeren;399;95;3.1;TRUE;2.1;TRUE;13;TRUE;13;TRUE;3.5;TRUE;0.13;TRUE;g;4040600990239;Joghurt mit 15 % Heidelbeerzubereitung, 3,8% Fett im Milchanteil;150;g;N/A;N/A;N/A;TRUE;N/A;10000278;Joghurt (leicht verderblich)
129;7613031572069;Nestle;YES;2121;509;33;TRUE;17;TRUE;46;TRUE;34;TRUE;5.5;TRUE;0.13;TRUE;g;7613031572069;Kuchenriegel mit 15% Kakaocremefüllung, überzogen mit 25% Zartbitterschokolade und dekoriert mit 4% Milchschokolade;96;g;N/A;N/A;N/A;TRUE;N/A;10000172;Kuchen / Torten – süß (konserviert – ohne Kühlung haltbar)
130;4313920013484;Unsere Heimat;Crème Fraîche 30 % Fett;1214;295;30;TRUE;18.9;TRUE;2.7;TRUE;2.7;TRUE;2.9;TRUE;0.04;TRUE;g;4313920013484;N/A;150;g;[135, 193, 178];N/A;N/A;TRUE;N/A;10000607;Milch / Butter / Sahne / Käse / Eier / Ersatzprodukte – Mischpackungen
131;4002971037302;Ehrmann;Almighurt;410;97;2.8;TRUE;1.8;TRUE;15;TRUE;14;TRUE;3;TRUE;0.1;TRUE;g;4002971037302;Joghurt mild mit 17 % Kirsch-Bananenzubereitung;150;g;N/A;N/A;N/A;TRUE;N/A;10000278;Joghurt (leicht verderblich)
132;4003490036166;Hochwald;Speisequark 40 % Fett;598;144;10.3;TRUE;6.9;TRUE;3.2;TRUE;3.2;TRUE;9;TRUE;0.1;TRUE;g;4003490036166;Speisequark 40 % Fett;250;g;[135];N/A;N/A;TRUE;N/A;10006728;Molkerei-Nebenerzeugnisse
133;42109877;Müller;Joghurt mit der Ecke;407;96;2.6;TRUE;1.7;TRUE;13.6;TRUE;13.5;TRUE;3.8;TRUE;0.14;TRUE;g;42109877;Gesüsster, aromatisierter joghurt mit 23% Fruchtzubereitung, 3,5% Fett im Milchanteil;150;g;N/A;N/A;N/A;TRUE;N/A;10000278;Joghurt (leicht verderblich)
134;4014500517407;Zott;Sahne Joghurt Balance;443;107;8.2;TRUE;5.6;TRUE;3.7;TRUE;2.9;TRUE;2.5;TRUE;0.15;TRUE;g;4014500517407;Sahnejoghurt mild mit Zitronen und Süßungsmittel. 10%nFett im Milchanteil ;150;g;N/A;N/A;N/A;TRUE;N/A;10000278;Joghurt (leicht verderblich)
135;4040600990192;Landliebe;Joghurt auf Pfirsich-Maracuja;414;98;3.1;TRUE;2.1;TRUE;14;TRUE;13;TRUE;3.5;TRUE;0.14;TRUE;g;4040600990192;Joghurt mit 15 % Pfirsich-Maracujazubereitung, 3,8% Fett im Milchanteil;150;g;N/A;N/A;N/A;TRUE;N/A;10000278;Joghurt (leicht verderblich)
136;4101530001065;Berchtesgardener Land;Stichfester Joghurt;281;67;4;TRUE;2.6;TRUE;3.8;TRUE;3.8;TRUE;3.4;TRUE;0.11;TRUE;g;4101530001065;Joghurt naturbelassen im Fettgehalt mindestens 3,9% Fett;150;g;[135, 244];N/A;N/A;TRUE;N/A;10000278;Joghurt (leicht verderblich)
137;4014400928976;August Storck KG;Knoppers;2294;550;33.2;TRUE;18.6;TRUE;52.4;TRUE;35.3;TRUE;8.8;TRUE;0.39;TRUE;g;4014400928976;Gefüllte Waffelschnitte (Milchcremefüllung 30,2%, Nugarcremefüllung 29,4%);375;g;N/A;N/A;N/A;TRUE;N/A;10000161;Kekse / Gebäck (ohne Kühlung haltbar)
138;4012852001636;Neumarkter Lammsbräu;Dunkle Weiße alkoholfrei;113;27;0.5;FALSE;0.1;FALSE;6.2;TRUE;3;TRUE;0.5;FALSE;0.01;FALSE;ml;4012852001636;Alkoholfreies Bio-Schankbier mit Hefe;0.5;l;[16, 23,125];[226];0.5;FALSE;[120];10000159;Bier
139;4023900544869;Theodor Kattus GmbH;Wok-Keimlinge;105;25;0.4;TRUE;0.1;TRUE;1.8;TRUE;1.5;TRUE;2.6;TRUE;0.38;TRUE;g;4023900544869;Sojabohnen- und Mungobohnenkeimlinge;330;g;N/A;N/A;N/A;TRUE;N/A;10006259;Keimling – verzehrfertig
140;4016512061152;Heirler Cenovis GmbH;Kräuter Flüssigwürze;221;52;0.1;TRUE;0;TRUE;6.1;TRUE;3.3;TRUE;5.8;TRUE;22.1;TRUE;g;4016512061152;Würzmittel aus kontrolliert biologischem Anbau;297;g;N/A;[14, 245];N/A;TRUE;N/A;10000057;Saucen (ohne Kühlung haltbar)
141;4014086093364;5,0 Original;Pils;169;41;0;TRUE;0;TRUE;0;TRUE;0;TRUE;0;TRUE;0;TRUE;ml;4014086093364;Bier;500;ml;N/A;N/A;5;TRUE;[50];10000159;Bier
142;4316268591867;BioBio;Berglinsen;1607;382;6.4;TRUE;0.3;TRUE;50;TRUE;1.7;TRUE;24;TRUE;0.01;FALSE;g;4316268591867;Bio Berglinsen;500;g;N/A;[20, 226];N/A;TRUE;N/A;10000203;Mehle – Getreide / Hülsenfrüchte (ohne Kühlung haltbar)
143;4061458040716;One World;Blütenhonig;1283;302;0.1;FALSE;0.1;FALSE;75.1;TRUE;75.1;TRUE;0.4;TRUE;0.1;FALSE;g;4061458040716;Blütenhonig;500;g;[63];N/A;N/A;TRUE;N/A;10000213;Honig (ohne Kühlung haltbar)
144;4061458004206;King’s Crown;Premium Cornichons;145;34;0.5;FALSE;0.1;FALSE;5.4;TRUE;4.6;TRUE;1.4;TRUE;1.8;TRUE;1oog;4061458004206;Cornichons, knackig mit frischen Kräutern;350;g;[39];N/A;N/A;TRUE;N/A;10006449;Gewürzgurken
145;8076809529419;Barilla;Integrale Spaghetti n.5;1466;347;2.5;TRUE;0.5;TRUE;64;TRUE;3.5;TRUE;13;TRUE;13;TRUE;g;8076809529419;Teigwaren aus Vollkorn-Hartweizengrieß;500;g;N/A;N/A;N/A;TRUE;N/A;10000241;Teigwaren / Nudeln – verzehrbereit (ohne Kühlung haltbar)
146;4000406072300;Aurora;Weizenmehl Type 405;1453;343;1;TRUE;0.1;TRUE;72;TRUE;0.7;TRUE;10;TRUE;0.01;FALSE;g;4000406072300;Weizenmehl Type 405 Klassik;1000;g;N/A;N/A;N/A;TRUE;N/A;10000203;Mehle – Getreide / Hülsenfrüchte (ohne Kühlung haltbar)
147;4061458097970;Schneekoppe;Quinoa weiß;1479;350;5;TRUE;0.5;TRUE;59;TRUE;3;TRUE;14;TRUE;0.02;TRUE;g;4061458097970;Bio Quinoa weiß;400;g;N/A;[14, 246];N/A;TRUE;N/A;10000211;Körner / Getreide – nicht verzehrbereit (ohne Kühlung haltbar)
148;4104420022720;Alnatura;Beluga Linsen;1283;304;1.6;TRUE;0.1;FALSE;41;TRUE;1.1;TRUE;23;TRUE;0.02;TRUE;g;4104420022720;Bio Beluga Linsen;500;g;[240, 57];[226];N/A;TRUE;N/A;10000203;Mehle – Getreide / Hülsenfrüchte (ohne Kühlung haltbar)
149;4061458098243;Schneekoppe;Datteln;1209;285;0.3;TRUE;0.1;FALSE;64;TRUE;58;TRUE;2.2;TRUE;0.01;FALSE;g;4061458098243;Bio Delgelt Nour-Datteln, entsteint, pasteurisiert und rehydriert mit maximal 26% Feutigkeit;250;g;N/A;[14, 247];N/A;TRUE;N/A;10005959;Datteln
150;22151179;Westcliff;Ingwer-Zitrone Kräutertee;3;1;0;TRUE;0;TRUE;0.2;TRUE;0.1;FALSE;0;TRUE;0;TRUE;ml;22151179;Kräuertee mit Ingwer aromatisiert Zitronen-Geschmack;43.75;g;[225, 220];N/A;N/A;TRUE;N/A;10000116;Tee – lose / abgepackt / Aufgussbeutel
151;4001257214109;meßmer;Grüner Tee;3;1;0;TRUE;0;TRUE;0.2;TRUE;0.1;FALSE;0;TRUE;0;TRUE;ml;4001257214109;Grüner Tee;43.75;g;[220];N/A;N/A;TRUE;N/A;10000116;Tee – lose / abgepackt / Aufgussbeutel
152;4017100122910;Bahlsen;Leibniz Butterkeks 30 % weniger Zucker;1753;416;10;TRUE;6.3;TRUE;69;TRUE;13;TRUE;8.8;TRUE;1.46;TRUE;g;4017100122910;Butterkeks;150;g;N/A;N/A;N/A;TRUE;N/A;10000161;Kekse / Gebäck (ohne Kühlung haltbar)
153;4002631015077;Karlsberg;Karlsberg Urpils;172;41;0;TRUE;0;TRUE;0;TRUE;0;TRUE;0;TRUE;0;TRUE;ml;4002631015077;Pils;0.33;l;N/A;N/A;4.8;TRUE;[238];10000159;Bier
154;4066600251101;Paulaner München;Original Münchner Hell;159;38;N/A;TRUE;N/A;TRUE;N/A;TRUE;N/A;TRUE;N/A;TRUE;N/A;TRUE;ml;4066600251101;Bier;0.5;l;[55];N/A;4.9;TRUE;N/A;10000159;Bier
155;4000856007167;Warsteiner;Warsteiner Winter;210;50;0;TRUE;0;TRUE;4.3;TRUE;0;TRUE;0.5;TRUE;0;TRUE;ml;4000856007167;Bier;0.33;l;N/A;N/A;5.6;TRUE;[238];10000159;Bier
156;4072700001072;Franziskaner Weissbier;Premium Weissbier Kristallklar;179;43;N/A;TRUE;N/A;TRUE;N/A;TRUE;N/A;TRUE;N/A;TRUE;N/A;TRUE;ml;4072700001072;Bier;0.5;l;N/A;N/A;5;TRUE;[238];10000159;Bier
157;4105020009555;Hochwald-Sprudel;Natürliches Mineralwasser Medium;N/A;N/A;N/A;TRUE;N/A;TRUE;N/A;TRUE;N/A;TRUE;N/A;TRUE;N/A;TRUE;N/A;4105020009555;Natürliches Mineralwasser mit Kohlensäure versetzt;0.75;l;N/A;N/A;N/A;TRUE;N/A;10000232;Mineral– / Quell– / Tafelwasser
158;4060800300324;Lipton;Zero Ice Tea Peach;5;1;0.5;FALSE;0.5;FALSE;0.5;FALSE;0.5;FALSE;0.5;FALSE;0.03;TRUE;ml;4060800300324;Kalorienfreies Eisteegetränk mit erfrischendem Pfirsichgeschmack, mit Süßungsmittel;1.5;l;[182];N/A;N/A;TRUE;[50];10000118;Tee – trinkfertig
159;4305615760056;enerBio;Konjak Nudeln;40;10;0;TRUE;0;TRUE;0;TRUE;0;TRUE;0;TRUE;0;TRUE;g;4305615760056;Shirataki - nudelähnliches Erzeugnis aus biologischem Konjakwurzelmehl;400;g;[225];[248];N/A;TRUE;N/A;10000241;Teigwaren / Nudeln – verzehrbereit (ohne Kühlung haltbar)
160;20403027;Nixe;Thunfischfilets;454;107;0.5;FALSE;0.3;TRUE;0.6;TRUE;0;TRUE;25;TRUE;1.2;TRUE;g;20403027;Thunfischfilets in eigenem Saft und Aufguss;195;g;[198];N/A;N/A;TRUE;N/A;10000016;Fisch – bearbeitet / verarbeitet (leicht verderblich)
161;4013847195026;palatina Mühle der Pfalz;Rote Linsen;1588;376;2;TRUE;0.3;TRUE;59;TRUE;1.5;TRUE;25;TRUE;0.03;TRUE;g;4013847195026;Rote Linsen;500;g;N/A;N/A;N/A;TRUE;N/A;10000601;Getreide– / Korn– / Hülsenfruchtprodukte – Mischpackungen
162;4061458016933;King’s Crown;Stangenspargel weiß;73;17;0.5;FALSE;0.1;FALSE;1.6;TRUE;1.5;TRUE;1.8;TRUE;1;TRUE;g;4061458016933;Stangenspargel mit weißen Köpfen, geschält;330;g;N/A;N/A;N/A;TRUE;N/A;10006129;Spargel
163;8720600618956;HAK;Edamame Bohnen;451;108;5.3;TRUE;0.7;TRUE;2.2;TRUE;1.8;TRUE;10.6;TRUE;0.25;TRUE;g;8720600618956;Edamame Bohnen;150;g;[230];N/A;N/A;TRUE;N/A;10005980;Ackerbohnen
164;4056489117841;Belbake;Schoko-Chunks Zartbitter;2170;520;29.4;TRUE;17.3;TRUE;53.5;TRUE;48.1;TRUE;6.3;TRUE;0;TRUE;g;4056489117841;Zartbitterschokoladestücke;100;g;[225, 65];N/A;N/A;TRUE;N/A;10000045;Schokolade und Mischungen aus Schokolade und Zuckerwaren – Süßwaren
165;4038507003497;Govinda;Erdmandel naturell;1880;449;23;TRUE;4.8;TRUE;64;TRUE;17;TRUE;4.3;TRUE;0.02;TRUE;g;4038507003497;Erdmandeln, naturell;250;g;N/A;[53];N/A;TRUE;N/A;10000008;Nüsse / Samen – nicht bearbeitet / verarbeitet (ohne Kühlung haltbar)
166;4305615678009;enerBio;Kokosöl nativ;3683;896;99;TRUE;93;TRUE;0;TRUE;0;TRUE;0;TRUE;0.03;TRUE;g;4305615678009;Bio Kokosöl nativ, kaltgepresst;200;g;[125];[14];N/A;TRUE;N/A;10000040;Speiseöle – pflanzlich (ohne Kühlung haltbar)
167;4305615662886;enerBio;Aronia Saft;268;63;0.5;FALSE;0.1;FALSE;15;TRUE;8;0.5;FALSE;TRUE;0.01;FALSE;ml;4305615662886;Bio Aroniasaft;330;ml;N/A;[14, 249];N/A;TRUE;N/A;10000223;Fruchtsaftgetränke – trinkfertig (ohne Kühlung haltbar)
168;4013300031250;Unilever Deutschland;Knorr Schaschlik Sauce;433;102;1.5;TRUE;0.1;TRUE;19;TRUE;16;TRUE;1.3;TRUE;2.1;TRUE;ml;4013300031250;Schaschlik Sauce;250;ml;N/A;N/A;N/A;TRUE;N/A;10000280;Dipsaucen / Würzsaucen / Feinkostsaucen / Aufstriche / Marinaden (ohne Kühlung haltbar)
169;4008258130018;Seeberger;Wallnuskerne;2957;717;69;TRUE;6.4;TRUE;6;TRUE;2.6;TRUE;16;TRUE;0.01;FALSE;g;4008258130018;Wallnusskerne;150;g;[250];N/A;N/A;TRUE;N/A;10000008;Nüsse / Samen – nicht bearbeitet / verarbeitet (ohne Kühlung haltbar)
170;4009790009008;meienburg;Kürbiskerne;2585;615;50;TRUE;9.1;TRUE;4;TRUE;1;TRUE;35;TRUE;0.1;TRUE;g;4009790009008;Kürbiskerne;200;g;N/A;N/A;N/A;TRUE;N/A;10000008;Nüsse / Samen – nicht bearbeitet / verarbeitet (ohne Kühlung haltbar)
171;4019066090203;Gourmet;Gemüsezwiebel;N/A;N/A;N/A;TRUE;N/A;TRUE;N/A;TRUE;N/A;TRUE;N/A;TRUE;N/A;TRUE;N/A;4019066090203;Speisezwiebeln KL. 1;500;g;N/A;N/A;N/A;TRUE;N/A;10006006;Zwiebeln
172;4026813603104;demeter;Rote Bete;160;38;0.1;TRUE;0;TRUE;7.7;TRUE;7.7;TRUE;1.4;TRUE;0.08;TRUE;g;4026813603104;Rote Bete;500;g;N/A;[251];N/A;TRUE;N/A;10006121;Rüben / Rote Beete
173;4027343005628;demeter;Äpfel, Braeburn 4er Pack;N/A;N/A;N/A;TRUE;N/A;TRUE;N/A;TRUE;N/A;TRUE;N/A;TRUE;N/A;TRUE;N/A;4027343005628;Bio-Äpfel;550;g;[18];[231];N/A;TRUE;N/A;10005900;Äpfel
174;4038934505083;Eurogroup Deutschland GmbH;Erdnüsse;2552;617;51;TRUE;10;TRUE;10;TRUE;5.9;TRUE;24;TRUE;0.04;TRUE;g;4038934505083;Erdnüsse in der Schale geröstet;400;g;N/A;N/A;N/A;TRUE;N/A;10000008;Nüsse / Samen – nicht bearbeitet / verarbeitet (ohne Kühlung haltbar)
175;4058172658181;dm;Zedernüsse;2833;N/A;N/A;TRUE;N/A;TRUE;N/A;TRUE;N/A;TRUE;N/A;TRUE;0.01;FALSE;g;4058172658181;Bio Zedernüsse;60;g;[57];[14, 235];N/A;TRUE;N/A;10000008;Nüsse / Samen – nicht bearbeitet / verarbeitet (ohne Kühlung haltbar)
176;4058172696466;dm;Leinsamen;2228;540;43;TRUE;5.3;TRUE;3;TRUE;1;TRUE;22;TRUE;0.15;TRUE;g;4058172696466;Bio Leinsamen, braun, geschrotet;200;g;[57];[14, 235];N/A;TRUE;N/A;10000008;Nüsse / Samen – nicht bearbeitet / verarbeitet (ohne Kühlung haltbar)
177;4058172924873;dm;Haselnusskerne;2752;668;64;TRUE;5.8;TRUE;2.6;TRUE;2.5;TRUE;15;TRUE;0.01;FALSE;g;4058172924873;Bio Haselnusskerne;200;g;[57];[14, 226];N/A;TRUE;N/A;10000008;Nüsse / Samen – nicht bearbeitet / verarbeitet (ohne Kühlung haltbar)
178;4250241201605;iglo;Basilikum;N/A;N/A;N/A;TRUE;N/A;TRUE;N/A;TRUE;N/A;TRUE;N/A;TRUE;N/A;TRUE;N/A;4250241201605;Basilikum, tiefgefroren;40;g;N/A;N/A;N/A;TRUE;N/A;10000005;Gemüse – nicht bearbeitet / verarbeitet (tiefgefroren)
179;4250241203654;iglo;Grünkohl;123;30;1.1;TRUE;0.2;TRUE;1;TRUE;0.9;TRUE;2.4;TRUE;0.11;TRUE;g;4250241203654;Grünkohl, grob gehackt, tiefgefroren;600;g;[230];N/A;N/A;TRUE;N/A;10000005;Gemüse – nicht bearbeitet / verarbeitet (tiefgefroren)
180;4250241204750;iglo;Gartenerbsen;285;68;0.7;TRUE;0.1;TRUE;7.5;TRUE;4.9;TRUE;4.9;TRUE;0.01;TRUE;g;4250241204750;Erbsen, tiefgefroren;400;g;[137, 230];N/A;N/A;TRUE;N/A;10000005;Gemüse – nicht bearbeitet / verarbeitet (tiefgefroren)
181;4250241207331;iglo;Blattspinat;91;22;0.5;FALSE;0.1;TRUE;0.5;TRUE;0.5;FALSE;3.1;TRUE;0.04;TRUE;g;4250241207331;Blattspinat, tiefgefroren;500;g;[137, 230, 57];N/A;N/A;TRUE;N/A;10000005;Gemüse – nicht bearbeitet / verarbeitet (tiefgefroren)
182;4250241208901;iglo;Schnittlauch;N/A;N/A;N/A;TRUE;N/A;TRUE;N/A;TRUE;N/A;TRUE;N/A;TRUE;N/A;TRUE;N/A;4250241208901;Schnittlauch, tiefgefroren;50;g;N/A;N/A;N/A;TRUE;N/A;10000005;Gemüse – nicht bearbeitet / verarbeitet (tiefgefroren)
183;4250476305925;demeter;Grapefruit;N/A;N/A;N/A;TRUE;N/A;TRUE;N/A;TRUE;N/A;TRUE;N/A;TRUE;N/A;TRUE;N/A;4250476305925;Bio Grapfruit;N/A;N/A;N/A;N/A;N/A;TRUE;N/A;10005876;Grapefruits
184;4260217274793;N/A;Zucchini;N/A;N/A;N/A;TRUE;N/A;TRUE;N/A;TRUE;N/A;TRUE;N/A;TRUE;N/A;TRUE;N/A;4260217274793;Bio Zucchini;500;g;N/A;[252];N/A;TRUE;N/A;10006015;Zucchini / Gartenkürbisse
185;4260289893786;Frischebox;Aprikosen;1015;241;0.3;TRUE;0.1;TRUE;60;TRUE;41;TRUE;3.1;TRUE;0.01;FALSE;g;4260289893786;Aprikosen;200;g;N/A;N/A;N/A;TRUE;N/A;10005905;Aprikosen
186;4260676830028;Unsere Heimat;Kartoffeln, vorwiegend-festkochend;N/A;N/A;N/A;TRUE;N/A;TRUE;N/A;TRUE;N/A;TRUE;N/A;TRUE;N/A;TRUE;N/A;4260676830028;Bio-Speisekartoffel Karelia vorw. Festkochen;1500;g;[193, 179, 23];[23,179,257];N/A;TRUE;N/A;10006104;Kartoffeln
187;4311527557318;Edeka;Minipaprikas;N/A;N/A;N/A;TRUE;N/A;TRUE;N/A;TRUE;N/A;TRUE;N/A;TRUE;N/A;TRUE;N/A;4311527557318;Mini Gemüsepaprika Mix;200;g;N/A;N/A;N/A;TRUE;N/A;10006195;Gemüsepaprika – Mischpackungen
188;4311527628643;Edeka;Snackster möhren;N/A;N/A;N/A;TRUE;N/A;TRUE;N/A;TRUE;N/A;TRUE;N/A;TRUE;N/A;TRUE;N/A;4311527628643;Möhren;250;g;N/A;N/A;N/A;TRUE;N/A;10006122;Möhren / Karotten
189;4311532047934;Edeka;Äpfel, Gala 6er Pack;N/A;N/A;N/A;TRUE;N/A;TRUE;N/A;TRUE;N/A;TRUE;N/A;TRUE;N/A;TRUE;N/A;4311532047934;Tenroy/Roy. Gala;1000;g;N/A;N/A;N/A;TRUE;N/A;10005900;Äpfel
190;4311532176030;Edeka;Heidelbeeren;N/A;N/A;N/A;TRUE;N/A;TRUE;N/A;TRUE;N/A;TRUE;N/A;TRUE;N/A;TRUE;N/A;4311532176030;Bio Kulturheidelbeeren;125;g;N/A;[14];N/A;TRUE;N/A;10005929;Amerikanische Heidelbeeren / Kulturheidelbeeren
191;4337256051699;Rewe;Junger Spinat;117;28;0.6;TRUE;0.1;TRUE;2;TRUE;0;TRUE;2;TRUE;0.1;TRUE;g;4337256051699;Junger Spinat gehackt, in Portionen, tiefgefroren;450;g;[230, 137];N/A;N/A;TRUE;N/A;10000005;Gemüse – nicht bearbeitet / verarbeitet (tiefgefroren)
192;4337256182331;Rewe;Junge Erbsen;339;81;0.8;TRUE;0.2;TRUE;10.2;TRUE;4.5;TRUE;5.7;TRUE;0.05;TRUE;g;4337256182331;Bio Junge Erbsen, tiefgefroren;450;g;[230, 125, 225];[14, 226];N/A;TRUE;N/A;10000005;Gemüse – nicht bearbeitet / verarbeitet (tiefgefroren)
193;4337256219846;Rewe;Spitzpaprika;N/A;N/A;N/A;TRUE;N/A;TRUE;N/A;TRUE;N/A;TRUE;N/A;TRUE;N/A;TRUE;N/A;4337256219846;Spitzpaprika sweet palermo;N/A;N/A;[14];N/A;N/A;TRUE;N/A;10006100;Gemüsepaprika (spitz)
194;4388844017733;Rewe;Brechbohnen;122;29;0.2;TRUE;0;TRUE;3.4;TRUE;1.5;TRUE;1.9;TRUE;0;TRUE;g;4388844017733;Bio Brechbohnen, erntefrisch, tiefgefroren;450;g;[125, 225];[14];N/A;TRUE;N/A;10005976;Gartenbohnen / Grüne Bohnen
195;8033874788103;demeter;Zitronen;N/A;N/A;N/A;TRUE;N/A;TRUE;N/A;TRUE;N/A;TRUE;N/A;TRUE;N/A;TRUE;N/A;8033874788103;Bio demeter Zitronen;500;g;N/A;[253];N/A;TRUE;N/A;10005882;Zitronen
196;8033891179908;ortomad;Baby Spinat;N/A;N/A;N/A;TRUE;N/A;TRUE;N/A;TRUE;N/A;TRUE;N/A;TRUE;N/A;TRUE;N/A;8033891179908;Baby Spinat ungewaschen;125;g;N/A;N/A;N/A;TRUE;N/A;10006091;Spinat
197;8430631169784;SanLucar;Pralinentomaten;N/A;N/A;N/A;TRUE;N/A;TRUE;N/A;TRUE;N/A;TRUE;N/A;TRUE;N/A;TRUE;N/A;8430631169784;Cherry-Rispentomaten;200;g;N/A;N/A;N/A;TRUE;N/A;10006163;Tomaten – länglich
198;8430631229136;SanLucar;Orangen;N/A;N/A;N/A;TRUE;N/A;TRUE;N/A;TRUE;N/A;TRUE;N/A;TRUE;N/A;TRUE;N/A;8430631229136;Orange;1000;g;N/A;N/A;N/A;TRUE;N/A;10005889;Orangen
199;8715817020470;Terra Natura International B.V;Mini Gurken;N/A;N/A;N/A;TRUE;N/A;TRUE;N/A;TRUE;N/A;TRUE;N/A;TRUE;N/A;TRUE;N/A;8715817020470;4 Mini Gurken;75.00-100.00;g;N/A;N/A;N/A;TRUE;N/A;10006014;Gurken
200;9004617011238;Verival Pronurel Bio;Sesam;2414;584;50;TRUE;6.8;TRUE;10;TRUE;0.2;TRUE;18;TRUE;0.11;TRUE;g;9004617011238;Sesam ungeschält;250;g;N/A;[14, 235];N/A;TRUE;N/A;10000008;Nüsse / Samen – nicht bearbeitet / verarbeitet (ohne Kühlung haltbar)
201;4000540061055;Biskin;Reines Pflanzenfett;3700;900;100;TRUE;59;TRUE;N/A;TRUE;N/A;TRUE;N/A;TRUE;N/A;TRUE;g;4000540061055;Crunchy Schnitzel- Perfekt frittiert;1000;g;[254];N/A;N/A;TRUE;N/A;10000040;Speiseöle – pflanzlich (ohne Kühlung haltbar)
202;8437001115457;Olid´ Oliva;Olivenöl;3700;900;100;TRUE;12;TRUE;0;TRUE;0;TRUE;0;TRUE;N/A;TRUE;ml;8437001115457;Pflanzenöl;1;l;N/A;N/A;N/A;TRUE;N/A;10000040;Speiseöle – pflanzlich (ohne Kühlung haltbar)
203;4005500087151;Thomy;Sonnenblumenöl;3404;340;92;TRUE;9.3;TRUE;0;TRUE;0;TRUE;0;TRUE;0;TRUE;ml;4005500087151;Sonnenblumenöl;750;ml;[230];N/A;N/A;TRUE;N/A;10000040;Speiseöle – pflanzlich (ohne Kühlung haltbar)
204;4337256333320;Rewe Bio;Kokosöl;3384;823;91;TRUE;86;TRUE;0.6;TRUE;0;TRUE;0;TRUE;0;TRUE;ml;4337256333320;Mild-exotisches Öl aus biologischem Anbau;300;ml;[230];[14, 125, 255];N/A;TRUE;N/A;10000040;Speiseöle – pflanzlich (ohne Kühlung haltbar)
205;4008722016114;Brändle;Sesamöl;3404;828;92;TRUE;12;TRUE;N/A;TRUE;N/A;TRUE;N/A;TRUE;N/A;TRUE;ml;4008722016114;Sesamöl kaltgepresst;100;ml;N/A;N/A;N/A;TRUE;N/A;10000040;Speiseöle – pflanzlich (ohne Kühlung haltbar)
206;3175690201185;LA MONEGASQUE;Haselnussöl;3404;828;92;TRUE;9.2;TRUE;0;TRUE;0;TRUE;0;TRUE;0;TRUE;ml;3175690201185;Haselnussöl geröstet, kaltgepresst;250;ml;N/A;N/A;N/A;TRUE;N/A;10000040;Speiseöle – pflanzlich (ohne Kühlung haltbar)
207;4000540100419;Livio;Natives Olivenöl Extra;3367;819;91;TRUE;15;TRUE;N/A;TRUE;N/A;TRUE;N/A;TRUE;N/A;TRUE;ml;4000540100419;Natives Olivenöl Extra;500;ml;N/A;N/A;N/A;TRUE;N/A;10000040;Speiseöle – pflanzlich (ohne Kühlung haltbar)
208;8423243014733;Nahon;Raffiniertes Rapsöl;3389;824;91.6;TRUE;5.5;TRUE;0;TRUE;0;TRUE;0;TRUE;0;TRUE;ml;8423243014733;Raffiniertes Rapsöl;1;l;N/A;N/A;N/A;TRUE;N/A;10000040;Speiseöle – pflanzlich (ohne Kühlung haltbar)
209;4000251004792;Paulus;Genussmanufaktur;257;61;0.6;TRUE;0.1;FALSE;13;TRUE;6.5;TRUE;0.9;TRUE;0.01;FALSE;g;4000251004792;Berrenobstteller;300;g;N/A;N/A;N/A;TRUE;N/A;10000002;Obst – nicht bearbeitet / verarbeitet (tiefgefroren)
210;4337256164412;Rewe Beste Wahl;Himbeer Heidelbeer-Mix;211;50;0.7;TRUE;0.1;TRUE;8.4;TRUE;8.4;TRUE;1;TRUE;0.02;TRUE;g;4337256164412;Himbeer-Heidelbeer-Mix mit Kultur-Heidelbeeren. Tiefgefroren;300;g;[230];N/A;N/A;TRUE;N/A;10000002;Obst – nicht bearbeitet / verarbeitet (tiefgefroren)
211;4337256180832;Rewe Beste Wahl;Himbeeren Ganze Früchte;207;49;0.8;TRUE;0.1;FALSE;7.3;TRUE;6;TRUE;1.1;TRUE;0.03;TRUE;g;4337256180832;Himbeeren, tiefgefroren;500;g;[230];N/A;N/A;TRUE;N/A;10000002;Obst – nicht bearbeitet / verarbeitet (tiefgefroren)
212;4388844134508;Rewe Bio;Heidelbeeren;210;50;0.5;TRUE;0.2;TRUE;8.3;TRUE;7.4;TRUE;0.6;TRUE;0;TRUE;g;4388844134508;Bio Heidelbeeren, tiefgefroren;300;g;[226];[14, 125, 256];N/A;TRUE;N/A;10000002;Obst – nicht bearbeitet / verarbeitet (tiefgefroren)
213;4000251004815;Paulus;Heidelbeeren;238;56;0.4;TRUE;0.1;FALSE;12.5;TRUE;9.2;TRUE;0.5;TRUE;0.01;FALSE;g;4000251004815;Heidelbeeren einzeln gefrostet;300;g;N/A;N/A;N/A;TRUE;N/A;10000002;Obst – nicht bearbeitet / verarbeitet (tiefgefroren)
214;4388860258318;Ja!;Beeren Mischung;159;38;0.4;TRUE;0;TRUE;5.8;TRUE;5.5;TRUE;1.1;TRUE;0.03;TRUE;g;4388860258318;Beerenmischung,tiefgefroren;750;g;N/A;N/A;N/A;TRUE;N/A;10000002;Obst – nicht bearbeitet / verarbeitet (tiefgefroren)
215;4337256200103;Rewe Bio;Himbeeren;165;40;0.4;TRUE;0;TRUE;4.8;TRUE;4.7;TRUE;1.3;TRUE;0.01;FALSE;g;4337256200103;Bio Himbeeren, tiefgefroren ;300;g;[230, 226];[14];N/A;TRUE;N/A;10000002;Obst – nicht bearbeitet / verarbeitet (tiefgefroren)
216;4337256156073;Rewe Beste Wahl;Mango;254;60;0.1;TRUE;0.1;TRUE;14.2;TRUE;11.3;TRUE;0.5;TRUE;0;TRUE;g;4337256156073;Mango gewürfelt, tiefgefroren;500;g;[230];N/A;N/A;TRUE;N/A;10000002;Obst – nicht bearbeitet / verarbeitet (tiefgefroren)
217;4337256173841;Rewe Beste Wahl;Erdbeeren;207;49;0.8;TRUE;0.1;FALSE;7.3;TRUE;6;TRUE;1.1;TRUE;0.03;TRUE;g;4337256173841;Himbeeren, tiefgefroren ;500;g;[230];N/A;N/A;TRUE;N/A;10000002;Obst – nicht bearbeitet / verarbeitet (tiefgefroren)
218;4250241204743;Iglo;Erbsen & Karotten;210;50;0.6;TRUE;0.1;TRUE;6.2;TRUE;4.8;TRUE;2.8;TRUE;0.07;TRUE;g;4250241204743;Erbsen & Karotten;540;g;[230, 137, 57];N/A;N/A;TRUE;N/A;10000005;Gemüse – nicht bearbeitet / verarbeitet (tiefgefroren)
219;4250241202145;Iglo;Rahm-Gemüse Wirsing;252;60;3;TRUE;7;TRUE;5.6;TRUE;2.6;TRUE;2;TRUE;0.81;TRUE;g;4250241202145;Rahm-Wirsing, tiefgefroren;500;g;[230, 137, 58];N/A;N/A;TRUE;N/A;10000005;Gemüse – nicht bearbeitet / verarbeitet (tiefgefroren)
220;8718963393665;"Natures Pride""";Essreife Mangos;278;66;0.2;TRUE;0;TRUE;14.3;TRUE;N/A;TRUE;0.6;TRUE;0.01;FALSE;g;8718963393665;Essreife Mangos;N/A;N/A;[225];N/A;N/A;TRUE;N/A;10005969;Mangos
221;4100970018794;Larsen;Echtlachs Creme;1950;470;44;TRUE;	4;TRUE;11;TRUE;4.7;TRUE;6.5;TRUE;3.8;TRUE;g;4100970018794;Echtlachs Crème;100;g;N/A;N/A;N/A;TRUE;N/A;10000016;Fisch – bearbeitet / verarbeitet (leicht verderblich)
222;4002239260909;Feinkost Dittmann;Deutscher Caviar;371;88;4;TRUE;0.9;TRUE;1.3;TRUE;0;TRUE;11.8;TRUE;4.99;TRUE;g;4002239260909;Deutscher Caviar aus Seehasenrogen, gefärbt;50;g;N/A;N/A;N/A;TRUE;N/A;10000016;Fisch – bearbeitet / verarbeitet (leicht verderblich)
223;3276170012663;Coraya;Surimi Sticks;468;112;4.2;TRUE;0.3;TRUE;10;TRUE;2.3;TRUE;8.2;TRUE;1.5;TRUE;g;3276170012663;Surimi, Fischzubereitung aus Fischmuskeleiweiss;200;g;[225, 121, 230];N/A;N/A;TRUE;N/A;10000016;Fisch – bearbeitet / verarbeitet (leicht verderblich)
224;4030800071050;Nordsee;Zarte Heringsfilets;903;216;13;TRUE;2.4;TRUE;11;TRUE;11;TRUE;14;TRUE;3.2;TRUE;g;4030800071050;Zarte Heringsfilets, mariniert mit Zwiebeln, Mit Rote Beete Note;170;g;N/A;N/A;N/A;TRUE;N/A;10000016;Fisch – bearbeitet / verarbeitet (leicht verderblich)
225;4337256082600;Ja!;Sardinen;889;213;13;TRUE;2.8;TRUE;0;TRUE;0;TRUE;24;TRUE;0.6;TRUE;g;4337256082600;Sardinen ohne Haut und ohne Gräten in Sonnenblumenöl;125;g;[230];N/A;N/A;TRUE;N/A;10000018;Fisch - bearbeitet / verarbeitet (ohne Kühlung haltbar)
226;4013200885106;Lien Ying;Noriblätter;1349;322;5;TRUE;0.4;TRUE;3.4;TRUE;0.8;TRUE;53;TRUE;0.4;TRUE;g;4013200885106;Gerösteter Seetang (Porphyra tenera) in Aquakulturen gewonnen im Fanggebiet Nordwestpazifik für die Zubereitung von Sushi;18;g;N/A;N/A;N/A;TRUE;N/A;10000153;Wasserpflanzen / Algen - bearbeitet / verarbeitet (ohne Kühlung haltbar)
227;4337256285506;Ja!;Schlemmerfilet À La Bordelaise;480;115;5.6;TRUE;0.7;TRUE;3.6;TRUE;1;TRUE;12;TRUE;0.88;TRUE;g;4337256285506;Schlemmerfilet À La Bordelaise, aus Alaska- Seelachsfilet, praktisch grätenfrei, aus Blöcken geschnitten, mit würziger Auflage aus fein abgestimmten aromatischen Kräutern und Gewürzen tiefgefroren ;400;g;[230, 121, 225];N/A;N/A;TRUE;N/A;10000016;Fisch – bearbeitet / verarbeitet (tiefgefroren)
228;4250241203517;Iglo;Fischstäbchen;N/A;N/A;N/A;TRUE;N/A;TRUE;N/A;TRUE;N/A;TRUE;N/A;TRUE;N/A;TRUE;N/A;4250241203517;Fischstäbchen aus Alaska Seelachs-Filet, Paniert, Praktisch grätenfrei, vorgebraten und tiefgefroren;300;g;[230, 121, 137];N/A;N/A;TRUE;N/A;10000017;Fisch - bearbeitet / verarbeitet (tiefgefroren)
229;4008366016822;Frosta;White Tiger Prawns;309;73;1;TRUE;0.4;TRUE;0;TRUE;0;TRUE;16;TRUE;1;TRUE;g;4008366016822;Gekochte Garnelen;250;g;[225, 8];N/A;N/A;TRUE;N/A;10000256;Krustentiere / Muscheln / Schnecken – bearbeitet / verarbeitet (tiefgefroren)
230;4008258154229;Seeberger;Studentenfutter;2112;507;33;TRUE;3.7;TRUE;36;TRUE;32;TRUE;13;TRUE;0.03;TRUE;g;4008258154229;Mischung aus Nusskermen (57%) und getrockneten Weinbeeren (43%);150;g;N/A;N/A;N/A;TRUE;N/A;10000008;Nüsse / Samen – nicht bearbeitet / verarbeitet (ohne Kühlung haltbar)
231;4006229434714;Reinert;Bärchen Streich;1316;319;30;TRUE;12.8;TRUE;1;TRUE;0.5;TRUE;11;TRUE;1.8;TRUE;g;4006229434714;Cremiger Brotaufstrich aus Schweine-, Putenfleisch und Schweineleber, gegart;125;g;N/A;N/A;N/A;TRUE;N/A;10005832;Sonstige Würste (Fleisch / Geflügel) – bearbeitet / verarbeitet
232;4000405002612;Rüggenwalder Mühle;Mühlen Frikadellen;1124;271;21;TRUE;8.2;TRUE;4.4;TRUE;1.6;TRUE;16;TRUE;1.9;TRUE;g;4000405002612;N/A;165;g;[200];N/A;N/A;TRUE;N/A;10005781;Schweinefleisch - bearbeitet / verarbeitet
233;5707196160192;Tulip;Pulled Pork;558;133;6;TRUE;2.4;TRUE;2.5;TRUE;0.5;TRUE;17;TRUE;1.5;TRUE;g;5707196160192;Pulled Pork. Schweinfleisch mit Zusatz von Wasser, mariniert und gegart.;550;g;[225];N/A;N/A;TRUE;N/A;10005781;Schweinefleisch - bearbeitet / verarbeitet
234;4015481007376;Bio Lust;Bio Frühstücksbacon;1515;366;34;TRUE;12.5;TRUE;0.1;TRUE;0.1;TRUE;15;TRUE;2.3;TRUE;g;4015481007376;Bio Fleisch- und Wurstspezialitäten aus der Heimat;100;g;[135];[14, 226];N/A;TRUE;N/A;10005781;Schweinefleisch - bearbeitet / verarbeitet
235;2848172003119;Borgmeier;Puten Schnitzel;N/A;N/A;N/A;TRUE;N/A;TRUE;N/A;TRUE;N/A;TRUE;N/A;TRUE;N/A;TRUE;N/A;2848172003119;Puten Schnitzel 2 Stück Natur frisch;311;g;N/A;N/A;N/A;TRUE;N/A;10005783;Sonstige Fleisch– / Geflügelarten – bearbeitet / verarbeitet
236;2828252002973;Ludwigsluster;Hüftsteak;N/A;N/A;N/A;TRUE;N/A;TRUE;N/A;TRUE;N/A;TRUE;N/A;TRUE;N/A;TRUE;N/A;2828252002973;Rindfleisch;297;g;N/A;N/A;N/A;TRUE;N/A;10005786;Rindfleisch - nicht bearbeitet / verarbeitet
237;4043362621748;Tillmanns`s;Toastys;1016;242;9.9;TRUE;1.3;TRUE;21;TRUE;1.5;TRUE;17;TRUE;1.7;TRUE;g;4043362621748;Zartes, fein zerkleinertes Hähnchenbrusttfilet in Toastform zusammengefügt, extra kross paniert, gebraten und tiefgefroren;280;g;N/A;N/A;N/A;TRUE;N/A;10005781;Schweinefleisch - bearbeitet / verarbeitet
238;4009286154359;Block House;Beef Nuggets;1093;260;14;TRUE;4.4;TRUE;20;TRUE;0.9;TRUE;14;TRUE;1;TRUE;g;4009286154359;Ausgeformte Nuggets aus Rindfleisch, gewolft, gewürzt und mit einer Cornflakes-Panade umhüllt, vorfrittiert, tiefgefroren;300;g;N/A;N/A;N/A;TRUE;N/A;10005767;Rindfleisch - bearbeitet / verarbeitet
239;4062595013762;N/A;Kopfsalat Herzen;N/A;N/A;N/A;TRUE;N/A;TRUE;N/A;TRUE;N/A;TRUE;N/A;TRUE;N/A;TRUE;N/A;4062595013762;Kopfsalatherzen 2 Stück;N/A;g;N/A;N/A;N/A;TRUE;N/A;10006079;Kopfsalat (Buttersalat)
240;4016414013709;N/A;Feiner Rucola;N/A;N/A;N/A;TRUE;N/A;TRUE;N/A;TRUE;N/A;TRUE;N/A;TRUE;N/A;TRUE;N/A;4016414013709;N/A;125;g;N/A;N/A;N/A;TRUE;N/A;10006088;Rauke / Rukola
241;4018742010146;ELO;Eisbergsalat;N/A;N/A;N/A;TRUE;N/A;TRUE;N/A;TRUE;N/A;TRUE;N/A;TRUE;N/A;TRUE;N/A;4018742010146;Eissalat;N/A;g;N/A;N/A;N/A;TRUE;N/A;10006267;Eisbergsalat
242;4062595021187;N/A;Mini-Pak Choi;N/A;N/A;N/A;TRUE;N/A;TRUE;N/A;TRUE;N/A;TRUE;N/A;TRUE;N/A;TRUE;N/A;4062595021187;N/A;300;g;N/A;N/A;N/A;TRUE;N/A;10006145;Pak–Choi
243;4016414004202;N/A;Feldsalat;N/A;N/A;N/A;TRUE;N/A;TRUE;N/A;TRUE;N/A;TRUE;N/A;TRUE;N/A;TRUE;N/A;4016414004202;Feldsalat;150;g;N/A;N/A;N/A;TRUE;N/A;10006086;Feldsalat
244;4038057130308;Wasgau Bio;Bio Salat;N/A;N/A;N/A;TRUE;N/A;TRUE;N/A;TRUE;N/A;TRUE;N/A;TRUE;N/A;TRUE;N/A;4038057130308;Eichblatt rot;N/A;g;N/A;[23, 257];N/A;TRUE;N/A;10006268;Lose Blätter / Multiblattsalate – sonstige
245;3280220115112;Florette;Feldsalat;112;27;0.5;TRUE;0.1;FALSE;1.8;TRUE;0.2;TRUE;2.2;TRUE;0.01;TRUE;g;3280220115112;N/A;100;g;[230];N/A;N/A;TRUE;N/A;10006086;Feldsalat
246;4038813090006;Dreesen Kräuter;Bio Garten Kresse;N/A;N/A;N/A;TRUE;N/A;TRUE;N/A;TRUE;N/A;TRUE;N/A;TRUE;N/A;TRUE;N/A;4038813090006;N/A;N/A;N/A;N/A;[226];N/A;TRUE;N/A;10006048;Brunnenkresse
247;4016414191476;N/A;Pflücksalat;N/A;N/A;N/A;TRUE;N/A;TRUE;N/A;TRUE;N/A;TRUE;N/A;TRUE;N/A;TRUE;N/A;4016414191476;Pflücksalat;125;g;N/A;N/A;N/A;TRUE;N/A;10006268;Lose Blätter / Multiblattsalate – sonstige
248;8711327318373;Langnese;Cornetto;1264;301;17;TRUE;13;TRUE;34;TRUE;18;TRUE;3.1;TRUE;0.21;TRUE;g;8711327318373;N/A;360.00/540.00;g/ml;N/A;N/A;N/A;TRUE;N/A;10000215;Speiseeis (tiefgefroren)
249;8714100654774;Langnese;Magnum Mini;1367;326;20;TRUE;14;TRUE;31;TRUE;28;TRUE;3.4;TRUE;0.12;TRUE;g;8714100654774;Vanilleeis mit Vanille aus Madagascar und Milchschokolade;352.00/440.00;g/ml;[182];N/A;N/A;TRUE;N/A;10000215;Speiseeis (tiefgefroren)
250;8606104861572;All Fresco;Himbeeren;120;29;0;TRUE;0;TRUE;5.5;TRUE;4.5;TRUE;1.4;TRUE;0.02;TRUE;g;8606104861572;Himbeeren, tiefgefroren Sorte Willamette aus Serbien;300;g;N/A;N/A;N/A;TRUE;N/A;10000002;Obst – nicht bearbeitet / verarbeitet (tiefgefroren)